bus,n_nodes,type,task,instance,eps,parity,mode,bound_method,reach_time_s,getranges_time_s,n_predicates,width_mean,width_max,verify_status,verify_time_s,falsify_margin,subgraph_time_s,subgraph_max_nodes,matlab_time_s,matlab_width_mean,soundness_min_slack,width_ratio_mean,time_ratio_n2v_over_matlab,discrepancy
ieee24,24,gcn,pf,0,0.001,1.005296159650726e-07,full,lp,0.002040449995547533,0.18197236908599734,106,0.007165909091487563,0.03389816516813349,verified,0.1500121969729662,,0.0023108222521841526,19,0.673628,0.007165613455529082,-9.498150183029352e-11,1.0000829879809436,0.003029045698141308,
ieee24,24,gcn,pf,0,0.01,1.005296159650726e-07,full,lp,0.0024630888365209103,0.30585576919838786,186,0.07546701062501907,0.3523320984421454,falsified,0.0417787698097527,0.0049697169301152755,0.0026717144064605236,19,0.938416,0.07504401041640625,-2.08394412837265e-11,1.0111890239123127,0.002624730222546195,
ieee24,24,gcn,pf,1,0.001,1.714459425539161e-07,full,lp,0.00103739183396101,0.18193029798567295,110,0.009751275894406287,0.06836451844716107,verified,0.1475486448034644,,0.0021200100891292095,19,0.142469,0.009750977189114387,-8.692313535618723e-11,1.0001205899538204,0.007281526745895668,
ieee24,24,gcn,pf,1,0.01,1.714459425539161e-07,full,lp,0.0024658222682774067,0.39260086603462696,228,0.10092421455184415,0.6368146951487631,falsified,0.0172426151111722,0.016317946875752054,0.0027474118396639824,19,1.403495,0.09891363148067546,-6.622757897645215e-12,1.146554701993242,0.001756915605882035,
ieee24,24,gcn,pf,2,0.001,1.2986796582570292e-07,full,lp,0.0010364707559347153,0.17235357500612736,108,0.0074420889041292735,0.03903189220722203,verified,0.14423195272684097,,0.0020610038191080093,19,0.122771,0.007441842591541283,-2.874084303883251e-11,1.0000745616061242,0.008442309307040874,
ieee24,24,gcn,pf,2,0.01,1.2986796582570292e-07,full,lp,0.001879336778074503,0.33392425207421184,208,0.08326148720737742,0.45858987482996505,falsified,0.017794466111809015,0.013346043731555679,0.0025959364138543606,19,1.111218,0.08250693096712242,-3.327760289550952e-11,1.0105268278175958,0.0016912404029402897,
ieee24,24,sage,pf,0,0.001,6.217484771475768e-08,full,lp,0.0011762017384171486,0.15990437101572752,100,0.0016756461085224211,0.010063069388800472,verified,0.12618873920291662,,0.002227828837931156,19,0.055755,0.0016756461088509543,-5.380584866543359e-12,0.9999999996737138,0.02109589702120256,
ieee24,24,sage,pf,0,0.01,6.217484771475768e-08,full,lp,0.001831565983593464,0.2319525950588286,156,0.019100438122009355,0.10928563741062453,verified,0.2302009267732501,,0.0028420346789062023,19,0.564193,0.018685710217969106,-2.0302926007076394e-11,1.012769037841573,0.0032463465225436405,
ieee24,24,sage,pf,1,0.001,1.101231446032358e-07,full,lp,0.0013100379146635532,0.18911617435514927,102,0.001984467137577396,0.014400164224245282,verified,0.13150171283632517,,0.0022021420300006866,19,0.060351,0.001984467140795272,-1.0540812667159116e-10,0.9999999989708379,0.02170697941481588,
ieee24,24,sage,pf,1,0.01,1.101231446032358e-07,full,lp,0.00199447525665164,0.25734931882470846,172,0.020558307277742178,0.1341236022805936,verified,0.26871030777692795,,0.002922563347965479,19,0.740503,0.019694233730661176,-1.663130744233854e-11,2.0330464537542547,0.002693406045149905,
ieee24,24,sage,pf,2,0.001,1.083597112039314e-07,full,lp,0.0013154069893062115,0.16132148122414947,103,0.0019532398142833554,0.011586254615966352,verified,0.1313051418401301,,0.002177843824028969,19,0.069839,0.0019516097716384972,-4.571620859650238e-12,1.0005523478203728,0.01883484857037202,
ieee24,24,sage,pf,2,0.01,1.083597112039314e-07,full,lp,0.001916840672492981,0.23314429074525833,158,0.021059214600760854,0.13539875201645302,verified,0.22996981861069798,,0.0029241549782454967,19,0.587601,0.020785513075356764,-4.384118068578857e-11,1.0193009271161957,0.0032621467160419753,
ieee24,24,gine_pretrain,pf,0,0.001,8.946857344982462e-07,full,lp,0.00977720832452178,0.18319438491016626,112,0.010332432320677985,0.044866461049321134,verified,0.14979262556880713,,0.011817075777798891,19,0.197985,0.01031769643622128,-4.3903963797831125e-11,1.0016156707995034,0.049383581203231455,
ieee24,24,gine_pretrain,pf,0,0.01,8.946857344982462e-07,full,lp,0.015471074264496565,0.35959858633577824,218,0.14917950546538084,0.5785137929376891,falsified,0.02478907024487853,0.007964523456976402,0.016547563020139933,19,1.323953,0.1378634179188672,-1.1102230246251565e-16,1.216219336521281,0.011685516226404234,
ieee24,24,gine_pretrain,pf,1,0.001,7.411072140972585e-07,full,lp,0.008628337178379297,0.16721307998523116,109,0.010156120918846519,0.04888797569611439,verified,0.15131541201844811,,0.01147466292604804,19,0.159988,0.010129934948332205,-3.004380078053259e-11,1.0035084668442569,0.053931152201285706,
ieee24,24,gine_pretrain,pf,1,0.01,7.411072140972585e-07,full,lp,0.013504553586244583,0.4281465061940253,246,0.14829694524747078,0.6084958570756815,falsified,0.03321510972455144,0.008179642124996445,0.015581768937408924,19,1.639032,0.13294210216899083,-1.8796665612885732e-11,1.1475045447160548,0.008239347118448318,
ieee24,24,gine_pretrain,pf,2,0.001,5.360690026323667e-07,full,lp,0.009129940997809172,0.1569570661522448,102,0.00981980437025081,0.04193554575047225,verified,0.13497056299820542,,0.010840059258043766,19,0.090117,0.009819804371994669,-4.175992884825064e-11,0.9999999997283272,0.10131208315644297,
ieee24,24,gine_pretrain,pf,2,0.01,5.360690026323667e-07,full,lp,0.012429262977093458,0.3670326750725508,215,0.13306591816609833,0.5216590236622002,falsified,0.125331390183419,0.015212434708664846,0.015994297806173563,19,1.223679,0.12558323420394632,-2.067790383364354e-12,1.083020025505878,0.010157290414474269,
ieee39,39,gcn,pf,0,0.001,2.4673116572060394e-07,full,lp,0.0028442777693271637,0.2997717559337616,157,0.0019159255886744846,0.009707457377507556,verified,0.24539452092722058,,0.0021963599137961864,19,0.020486,0.0019159255889774419,-4.7261464707071266e-11,0.9999999994638318,0.1388400746523071,
ieee39,39,gcn,pf,0,0.01,2.4673116572060394e-07,full,lp,0.0030270139686763287,0.34443251695483923,170,0.01926086752011269,0.097074573775076,verified,0.30550891207531095,,0.002356181386858225,19,0.141621,0.019259458301882876,-9.889636332083285e-11,1.0002252748127074,0.021374047412998982,
ieee39,39,gcn,pf,1,0.001,2.946763794087204e-07,full,lp,0.002690427005290985,0.29561116825789213,157,0.0019061834822586183,0.009707457377507556,verified,0.24167292471975088,,0.00232679583132267,19,0.016863,0.0019061834822586181,-2.220446049250313e-16,1.0000000000000004,0.1595461664763675,
ieee39,39,gcn,pf,1,0.01,2.946763794087204e-07,full,lp,0.003064909018576145,0.3456336548551917,172,0.019047130601275365,0.09694855406250491,verified,0.31209171609953046,,0.0027017006650567055,19,0.161771,0.0190462520179649,-8.341691573598986e-11,1.0001195988987464,0.01894597312606181,
ieee39,39,gcn,pf,2,0.001,2.1323539001194547e-07,full,lp,0.0025354567915201187,0.3212645291350782,158,0.001900409598072796,0.009707457377507556,verified,0.25297841522842646,,0.002279843669384718,19,0.026442,0.0019004095985818569,-5.4539477101211986e-11,0.9999999986995488,0.09588748171545718,
ieee39,39,gcn,pf,2,0.01,2.1323539001194547e-07,full,lp,0.0030814949423074722,0.3342558341100812,172,0.018997626619256563,0.0967481795416375,verified,0.3104969128035009,,0.002386337611824274,19,0.163387,0.018996881242891114,-8.530959272334826e-11,1.000098066399473,0.018860098675582953,
ieee39,39,sage,pf,0,0.001,8.019604758047194e-08,full,lp,0.004007954150438309,0.36362320091575384,184,0.0016829434984847835,0.01836689304158509,verified,0.327534100972116,,0.0027793138287961483,19,0.274359,0.0016817028029566877,-3.896200029274155e-11,1.000535049719496,0.014608429650342465,
ieee39,39,sage,pf,0,0.01,8.019604758047194e-08,full,lp,0.01186481537297368,1.1153210727497935,421,0.018986544149430462,0.20302106509170242,falsified,0.31474150298163295,0.001071775210538528,0.004491183906793594,19,2.939663,0.01786866808566143,-4.992919966362308e-11,1.067129638629692,0.0040361141304202834,
ieee39,39,sage,pf,1,0.001,6.986508382933465e-08,full,lp,0.00388307124376297,0.36273728171363473,194,0.0016414109552702631,0.019107138077823507,verified,0.36232970282435417,,0.0031692860648036003,19,0.371211,0.0016402133982706811,-2.9112268151720855e-11,1.0008532628897377,0.010460550047716717,
ieee39,39,sage,pf,1,0.01,6.986508382933465e-08,full,lp,0.016932121012359858,1.386811044998467,470,0.021228335976522645,0.21358833826436255,unknown,0.49428929621353745,,0.004660672042518854,19,3.603894,0.019656747555574422,-1.3408107957246784e-11,1.1265695277626926,0.004698284969635582,
ieee39,39,sage,pf,2,0.001,7.001452034804956e-08,full,lp,0.004448458086699247,0.3642337219789624,192,0.001689660310983253,0.021124022452616797,verified,0.3549695359542966,,0.003168044611811638,19,0.350893,0.0016531273930599072,-2.584976677155737e-11,1.0185275888518337,0.012677534424167046,
ieee39,39,sage,pf,2,0.01,7.001452034804956e-08,full,lp,0.016105784103274345,1.4901996511034667,480,0.021601456742032486,0.21519023643238322,unknown,1.5728687602095306,,0.00494374381378293,19,3.707462,0.02008250617220103,-1.8417600777809184e-11,1.1073062466119428,0.0043441535215396265,
ieee39,39,gine_pretrain,pf,0,0.001,4.2441133274451204e-07,full,estimate,0.02846910711377859,6.612995639443398e-05,202,0.012471824980689921,0.06683058032700623,verified,1.1229421943426132e-05,,0.01324328314512968,19,,,,,,
ieee39,39,gine_pretrain,pf,0,0.01,4.2441133274451204e-07,full,estimate,0.04354989109560847,0.00012144213542342186,456,0.19652069802644517,0.7650927296055989,falsified,0.0064534991979599,0.004207167883356844,0.01809987612068653,19,,,,,,
ieee39,39,gine_pretrain,pf,1,0.001,2.1756969781350222e-07,full,estimate,0.02473038900643587,5.5534765124320984e-05,198,0.011708162034742836,0.08233903573585516,verified,1.119263470172882e-05,,0.012942726723849773,19,,,,,,
ieee39,39,gine_pretrain,pf,1,0.01,2.1756969781350222e-07,full,estimate,0.03699273522943258,0.00012975838035345078,462,0.19470333943024,0.8219494823135775,falsified,0.004494525957852602,0.005774795873008942,0.01835846994072199,19,,,,,,
ieee39,39,gine_pretrain,pf,2,0.001,3.7432015026483967e-07,full,estimate,0.025130031630396843,5.671614781022072e-05,199,0.011916380775254922,0.0975762427554488,verified,1.0096002370119095e-05,,0.012773788999766111,19,,,,,,
ieee39,39,gine_pretrain,pf,2,0.01,3.7432015026483967e-07,full,estimate,0.0409169620834291,0.00012288475409150124,475,0.19689723153694288,0.8322837439813783,falsified,0.00705259433016181,0.0005838123510561455,0.018240845296531916,19,,,,,,
ieee118,118,gcn,pf,0,0.001,4.57107857121386e-07,full,estimate,0.08543192967772484,0.0004716813564300537,496,0.0015600996338668116,0.013014573675982577,verified,1.6816891729831696e-05,,0.004231987986713648,18,,,,,,
ieee118,118,gcn,pf,0,0.01,4.57107857121386e-07,full,estimate,0.06455042073503137,0.0007071341387927532,646,0.015600088039607057,0.1253967843357114,verified,1.7452053725719452e-05,,0.004892977885901928,18,,,,,,
ieee118,118,gcn,pf,1,0.001,4.823949559806806e-07,full,estimate,0.042285457253456116,0.000495614018291235,494,0.0015611135198601892,0.012262856973076636,verified,1.6561709344387054e-05,,0.004399457015097141,18,,,,,,
ieee118,118,gcn,pf,1,0.01,4.823949559806806e-07,full,estimate,0.060304667335003614,0.000678778626024723,648,0.01564698437339529,0.12257082403895797,verified,1.6786158084869385e-05,,0.004783963784575462,18,,,,,,
ieee118,118,gcn,pf,2,0.001,5.039332353629078e-07,full,estimate,0.04228606401011348,0.00047910911962389946,497,0.0015488002976414025,0.013200731538529742,verified,1.6242265701293945e-05,,0.0043883416801691055,18,,,,,,
ieee118,118,gcn,pf,2,0.01,5.039332353629078e-07,full,estimate,0.060654080007225275,0.0006818259134888649,655,0.015577274263774123,0.12675555647935322,verified,1.7520971596240997e-05,,0.004841164220124483,18,,,,,,
ieee118,118,sage,pf,0,0.001,5.283028658986666e-08,full,estimate,0.05290734115988016,0.0004723980091512203,497,0.00018557209436582156,0.004695062364999392,verified,1.7873011529445648e-05,,0.005070762243121862,18,,,,,,
ieee118,118,sage,pf,0,0.01,5.283028658986666e-08,full,estimate,0.10854028025642037,0.0009163492359220982,1013,0.0022504826026503296,0.0420037759171481,verified,1.620221883058548e-05,,0.0064828889444470406,18,,,,,,
ieee118,118,sage,pf,1,0.001,7.417626390893162e-08,full,estimate,0.059603200294077396,0.0004812837578356266,507,0.00017863549863534342,0.004415442487832433,verified,1.712515950202942e-05,,0.005042554810643196,18,,,,,,
ieee118,118,sage,pf,1,0.01,7.417626390893162e-08,full,estimate,0.10091952793300152,0.0010296152904629707,1000,0.002152142293645036,0.041980228611699144,verified,1.8854159861803055e-05,,0.006556986831128597,18,,,,,,
ieee118,118,sage,pf,2,0.001,5.1229480768633096e-08,full,estimate,0.059584615752100945,0.00048488005995750427,504,0.0001888351232828982,0.004857553891384758,verified,1.8178019672632217e-05,,0.005042884033173323,18,,,,,,
ieee118,118,sage,pf,2,0.01,5.1229480768633096e-08,full,estimate,0.10238901292905211,0.0010354560799896717,1013,0.002311204105097985,0.042508391511763444,verified,1.85500830411911e-05,,0.006464061792939901,18,,,,,,
ieee118,118,gine_pretrain,pf,0,0.001,6.667319328856891e-07,full,estimate,0.34748570481315255,0.0007595722563564777,571,0.009937704016947943,0.0765215120479984,verified,1.943809911608696e-05,,0.018488307017832994,18,,,,,,
ieee118,118,gine_pretrain,pf,0,0.01,6.667319328856891e-07,full,estimate,0.47668771585449576,0.0018977168947458267,1440,0.2809267124376537,2.393645975024114,falsified,0.0009041912853717804,0.0049806814953232414,0.019822794012725353,18,,,,,,
ieee118,118,gine_pretrain,pf,1,0.001,1.050310564076895e-06,full,estimate,0.3414881220087409,0.0006415378302335739,582,0.010341233604016358,0.07855285533497447,verified,1.7662066966295242e-05,,0.018782907631248236,18,,,,,,
ieee118,118,gine_pretrain,pf,1,0.01,1.050310564076895e-06,full,estimate,0.4814944053068757,0.0019748802296817303,1439,0.2821381473696276,2.245730606621268,falsified,0.0021771928295493126,0.01394451125816809,0.019360854756087065,18,,,,,,
ieee118,118,gine_pretrain,pf,2,0.001,7.872880631865087e-07,full,estimate,0.34042821591719985,0.0006515891291201115,576,0.009743583954290518,0.0751332593757561,verified,1.874193549156189e-05,,0.018814428243786097,18,,,,,,
ieee118,118,gine_pretrain,pf,2,0.01,7.872880631865087e-07,full,estimate,0.4861264550127089,0.0018572090193629265,1442,0.2813761377491592,2.442905739053171,falsified,0.006592629011720419,0.002399939492497033,0.018748875241726637,18,,,,,,
